scenario_type,count,harmful_cot_rate,harmful_response_rate,refusal_rate,abs_diff_harmful_cot,abs_diff_harmful_response,abs_diff_refusal,harmful_cot_sum,harmful_response_sum
adversarial,160,8.75,2.7083333333333335,36.25,-4.583333333333334,-23.958333333333336,36.25,42,13
goodfaith,160,3.541666666666667,1.6666666666666667,32.5,-9.791666666666668,-25.0,32.5,17,8
neutral,160,3.3333333333333335,2.916666666666667,37.5,-10.000000000000002,-23.75,37.5,16,14
none,160,3.541666666666667,1.875,38.125,-9.791666666666668,-24.791666666666668,38.125,17,9
