key,total_entries,refusal_count,harmful_count,refusal_rate (%),harmful_rate (%),refusal_rate_diff (%),harmful_rate_diff (%)
Baseline,3,1,2,33.33333333333333,66.66666666666666,0.0,0.0
adversarial,3,1,2,33.33333333333333,66.66666666666666,0.0,0.0
goodfaith,3,1,0,33.33333333333333,0.0,0.0,-66.66666666666666
neutral,3,1,2,33.33333333333333,66.66666666666666,0.0,0.0
