persona_type,count,harmful_cot_rate,harmful_response_rate,refusal_rate,abs_diff_harmful_cot,abs_diff_harmful_response,abs_diff_refusal,harmful_cot_sum,harmful_response_sum
baseline,40,18.333333333333336,4.166666666666667,45.0,-5.0,4.166666666666667,5.0,22,5
domain-specific,200,8.833333333333334,3.166666666666667,47.0,-14.5,3.166666666666667,7.0,53,19
motivation-based,200,15.0,3.666666666666667,52.5,-8.333333333333332,3.666666666666667,12.5,90,22
trait-based,200,13.666666666666668,3.166666666666667,49.5,-9.666666666666666,3.166666666666667,9.5,82,19
