scenario_type,count,harmful_cot_rate,harmful_response_rate,refusal_rate,abs_diff_harmful_cot,abs_diff_harmful_response,abs_diff_refusal,harmful_cot_sum,harmful_response_sum
adversarial,55,10.303030303030305,1.2121212121212122,89.0909090909091,-3.030303030303031,1.2121212121212122,0.0,17,2
goodfaith,55,8.484848484848484,0.6060606060606061,83.63636363636364,-4.848484848484849,0.6060606060606061,-5.454545454545454,14,1
neutral,55,9.696969696969697,1.2121212121212122,90.9090909090909,-3.6363636363636376,1.2121212121212122,1.8181818181818181,16,2
none,55,16.96969696969697,0.0,83.63636363636364,3.6363636363636354,0.0,-5.454545454545454,28,0
