scenario_type,count,harmful_cot_rate,harmful_response_rate,refusal_rate,abs_diff_harmful_cot,abs_diff_harmful_response,abs_diff_refusal,harmful_cot_sum,harmful_response_sum
adversarial,160,17.708333333333336,4.583333333333334,51.875,-5.625,4.583333333333334,11.875,85,22
goodfaith,160,10.416666666666668,3.125,45.0,-12.916666666666666,3.125,5.0,50,15
neutral,160,11.666666666666668,2.291666666666667,48.125,-11.666666666666666,2.291666666666667,8.125,56,11
none,160,11.666666666666668,3.541666666666667,52.5,-11.666666666666666,3.541666666666667,12.5,56,17
